Organization,Followed On
DISCuniandes,Fri Feb 06 16:33:59 UTC 2026
Canals,Wed Dec 03 21:54:44 UTC 2025
Cornell University,Sun Oct 12 21:35:03 UTC 2025
Capítulo Colombiano IEEE- PELS,Thu Jun 19 02:03:18 UTC 2025
Red Expertos,Tue May 27 04:21:53 UTC 2025
Nu Colombia,Tue Apr 15 17:59:56 UTC 2025
Amazonía Emprende,Sat Mar 15 16:49:27 UTC 2025
IEEE PES Uniandes,Mon Feb 10 19:37:53 UTC 2025
Precia PPV S.A,Fri Jan 17 21:18:23 UTC 2025
Power Electronics Society Uniandes - IEEE PELS,Mon Jan 06 20:59:28 UTC 2025
Jobster,Mon Jan 06 20:59:27 UTC 2025
Boston Consulting Group (BCG),Thu Oct 31 15:49:12 UTC 2024
TEC360 CLOUD,Wed Oct 30 22:42:35 UTC 2024
Politecnico di Milano,Wed Oct 30 01:22:48 UTC 2024
LinkedIn Noticias América Latina,Sat Mar 11 15:23:07 UTC 2023
Universidad de los Andes - Colombia,Sat Mar 11 15:22:01 UTC 2023