"CONVERSATION ID","CONVERSATION TITLE","FROM","SENDER PROFILE URL","TO","RECIPIENT PROFILE URLS","DATE","SUBJECT","CONTENT","FOLDER"
"2-N2QwNWQ0OTUtMDViNC00MjYzLWI5NTAtMjFkMjI4NGM3NDJmXzEwMA==","Sponsored Conversation","LinkedIn Member","","David Alejandro Fuquen Flórez","https://www.linkedin.com/in/david-fuquen","2026-03-09 01:15:37 UTC","","<p class=""spinmail-quill-editor__spin-break"">Hola, %FIRSTNAME%:</p><p class=""spinmail-quill-editor__spin-break""><br></p><p class=""spinmail-quill-editor__spin-break"">Nos gustaría ofrecerte un mes de prueba gratis de Premium para ayudarte a optimizar tu perfil, ampliar tu red y adquirir nuevas aptitudes.</p>","INBOX"
"2-ZTkyOWI4OTgtYWU4Ny00Y2UwLWIzYzEtYTMxNzAwYzVmMzI4XzEwMA==","Sponsored Conversation","LinkedIn Member","","David Alejandro Fuquen Flórez","https://www.linkedin.com/in/david-fuquen","2026-03-03 16:53:55 UTC","","<p class=""spinmail-quill-editor__spin-break"">👋 ¡Hola! Soy Caria de MBS School of Business en Francia.</p><p class=""spinmail-quill-editor__spin-break""><br></p><p class=""spinmail-quill-editor__spin-break"">¿Estás pensando en cursar un máster? Nuestras maestrías especializadas (MSc), reconocidas por el Estado, te ayudarán a desarrollar las habilidades más solicitadas en Inteligencia Artificial, Estrategia y Negocios, Gestión de Proyectos, Marketing y Finanzas.</p><p class=""spinmail-quill-editor__spin-break""><br></p><p class=""spinmail-quill-editor__spin-break"">Diseñadas junto a expertos del sector, combinan aprendizaje práctico y excelencia académica, abriéndote las puertas a una carrera internacional, con un 89 % de inserción laboral en los seis meses posteriores a la graduación.</p><p class=""spinmail-quill-editor__spin-break"">Además, puedes acceder a becas de hasta 2.000 €.</p><p class=""spinmail-quill-editor__spin-break""><br></p><p class=""spinmail-quill-editor__spin-break"">¿Te gustaría descubrir cuál es la maestría (MSc) ideal para ti?</p>","INBOX"
"2-MTAzMmYwMTktMTgwMy00ZjkwLWE2ZjQtOWIzZGY0ZTBlYzhiXzEwMA==","","Yeison Alexander Suarez Beltran","https://www.linkedin.com/in/yeison-alexander-suarez-beltran-631027193","David Alejandro Fuquen Flórez","https://www.linkedin.com/in/david-fuquen","2026-01-27 21:30:42 UTC","","Hola, ¿cómo estás?
Te escribo con todo respeto 🙏

Desde Camelot Educación (www.camelot.com.co
) estamos abriendo un Diplomado completo en Inteligencia Artificial, 100% práctico y en vivo, diseñado para profesionales de cualquier área (no se requiere saber programar).

El diplomado no es teórico ni genérico: trabajamos uso real de IA aplicada a productividad, trabajo profesional, docencia e investigación, además de automatización, creación de chatbots y fundamentos de programación en IA, todo acompañado paso a paso.

Cuenta con certificación oficial válida ante el Ministerio de Educación Nacional, útil para concursos, escalafón y fortalecimiento del perfil profesional.

📌 Duración máxima: 4 meses
📌 Modalidad: Clases en vivo (sincrónicas)
📌 Inversión total: $500.000 COP (pago único por todo el diplomado)

Es un valor muy accesible para el alcance del programa, ya que hace parte de una propuesta formativa con enfoque social: por cada inscripción se destinan $50.000 a ayudas benéficas, lo que nos permite mantener un costo justo sin sacrificar calidad académica.

Actualmente estamos cerrando los últimos cupos.
Quería saber si es un tema que te interesa o si prefieres que lo conversemos con más calma. Con gusto te amplío toda la información 🌱","INBOX"
"2-MjkwYjNkNWYtMDIyZi00YjM0LWJjZWUtNzc3NzU0NWU3ZGEzXzEwMA==","","Juan Esteban Cuellar Argotty","https://www.linkedin.com/in/juan-esteban-cuellar-argotty-693308255","David Alejandro Fuquen Flórez","https://www.linkedin.com/in/david-fuquen","2025-10-27 23:24:45 UTC","","Me prestas cargador por fiii ","INBOX"
"2-MjkwYjNkNWYtMDIyZi00YjM0LWJjZWUtNzc3NzU0NWU3ZGEzXzEwMA==","","Juan Esteban Cuellar Argotty","https://www.linkedin.com/in/juan-esteban-cuellar-argotty-693308255","David Alejandro Fuquen Flórez","https://www.linkedin.com/in/david-fuquen","2025-10-27 23:24:28 UTC","","Jajaja hola","INBOX"
"2-YjllNjgwZGQtYjkwMS00YTk2LWEyZTgtNGMyMzVlMjQwMTY0XzEwMA==","","Abdullah Saeed 🍉","https://www.linkedin.com/in/am-i-abdullah","David Alejandro Fuquen Flórez","https://www.linkedin.com/in/david-fuquen","2025-10-25 04:55:26 UTC","","Hey,

Hope you're doing great! Abdullah here, experienced flutter developer & currently building Linkedin.com/company/egnitify (do follow please).

It's a pleasure connecting with you, would love to stay in touch, know more about you and learn from each other's journey.

Looking forward!
Abdullah","INBOX"
"2-YzgxNDBjODEtZjJkMS00ODExLThjNTEtZjEzMmI4YmVmMjliXzEwMA==","","Ganesh Rayavarapu","https://www.linkedin.com/in/ganesh-rayavarapu","David Alejandro Fuquen Flórez","https://www.linkedin.com/in/david-fuquen","2025-10-13 02:36:48 UTC","","Hey David,

Thanks for this. Yes, we can meet to discuss these changes. I guess we can discuss them on Tuesday since that’s when youre available. ","INBOX"
"2-YzgxNDBjODEtZjJkMS00ODExLThjNTEtZjEzMmI4YmVmMjliXzEwMA==","","David Alejandro Fuquen Flórez","https://www.linkedin.com/in/david-fuquen","Ganesh Rayavarapu","https://www.linkedin.com/in/ganesh-rayavarapu","2025-10-12 21:18:02 UTC","","I see you sent the message today... so if you wanna hop in a call sometime this afternoon, please let me know ;)","INBOX"
"2-YzgxNDBjODEtZjJkMS00ODExLThjNTEtZjEzMmI4YmVmMjliXzEwMA==","","David Alejandro Fuquen Flórez","https://www.linkedin.com/in/david-fuquen","Ganesh Rayavarapu","https://www.linkedin.com/in/ganesh-rayavarapu","2025-10-12 21:17:26 UTC","","Hey Ganesh!!

How are you? I was about to answer your email hahaha.

- For sure, the protocol is ready to be adapted. However, I'd need to have some more specifications so that we are in the same page. 

- Same thing, it can be done. We would have to discuss the changes in the design. 

Having said that, I feel like I'd be worth it to have a zoom call to go over this details.","INBOX"
"2-YzgxNDBjODEtZjJkMS00ODExLThjNTEtZjEzMmI4YmVmMjliXzEwMA==","","Ganesh Rayavarapu","https://www.linkedin.com/in/ganesh-rayavarapu","David Alejandro Fuquen Flórez","https://www.linkedin.com/in/david-fuquen","2025-10-12 19:07:28 UTC","Changes to add to ISS-mini-mimic GUI","Hello David, 

It's Ganesh, the swe lead for iss mini mimic. Hope you are having a good break. Just wanted to know if you can add some changes to the current GUI. 

- Increase the capacity of the robot packets to allow space to send data for 8 Beta Gimbal Assembly angles and 2 Solar Alpha Rotary Joints to the XRP 
- Update the GUI to allow user to set any of the 8 BGA angles or 2 Solar Alpha Rotary Joints. Could be wrong, but right now I see that I can only set one angle on the GUI. 

Let me know if these changes sound good to include or if you have any questions. 

Thx, 
Ganesh","INBOX"
"2-OTExNWU0MGEtOWQ3OS00MjU0LWJlMDAtNjQxYjdmOWU3MWIwXzEwMA==","","David Alejandro Fuquen Flórez","https://www.linkedin.com/in/david-fuquen","Juan Diego Lozano Guerrero","https://www.linkedin.com/in/juan-diego-lozano-guerrero-a7b2722b2","2025-09-17 14:00:17 UTC","","Xd","INBOX"
"2-OTExNWU0MGEtOWQ3OS00MjU0LWJlMDAtNjQxYjdmOWU3MWIwXzEwMA==","","Juan Diego Lozano Guerrero","https://www.linkedin.com/in/juan-diego-lozano-guerrero-a7b2722b2","David Alejandro Fuquen Flórez","https://www.linkedin.com/in/david-fuquen","2025-09-12 17:40:18 UTC","","Ola, conectame","INBOX"
"2-MTg5OTE0MDktOTYwNC00YjJkLThlYjctNGJlOWI3Yzc1YzlkXzEwMA==","","David Alejandro Fuquen Flórez","https://www.linkedin.com/in/david-fuquen","Justin Zweep","https://www.linkedin.com/in/justinzweep","2025-08-15 15:38:12 UTC",""," Ooooh, nice. I’ll take a look at it then hehe","INBOX"
"2-MTg5OTE0MDktOTYwNC00YjJkLThlYjctNGJlOWI3Yzc1YzlkXzEwMA==","","David Alejandro Fuquen Flórez","https://www.linkedin.com/in/david-fuquen","Justin Zweep","https://www.linkedin.com/in/justinzweep","2025-08-15 15:37:52 UTC","","How are you??","INBOX"
"2-MTg5OTE0MDktOTYwNC00YjJkLThlYjctNGJlOWI3Yzc1YzlkXzEwMA==","","David Alejandro Fuquen Flórez","https://www.linkedin.com/in/david-fuquen","Justin Zweep","https://www.linkedin.com/in/justinzweep","2025-08-15 15:37:45 UTC","","Hey!!","INBOX"
"2-MTg5OTE0MDktOTYwNC00YjJkLThlYjctNGJlOWI3Yzc1YzlkXzEwMA==","","Justin Zweep","https://www.linkedin.com/in/justinzweep","David Alejandro Fuquen Flórez","https://www.linkedin.com/in/david-fuquen","2025-08-15 15:22:23 UTC","","Maybe interestin for you","INBOX"
"2-MTg5OTE0MDktOTYwNC00YjJkLThlYjctNGJlOWI3Yzc1YzlkXzEwMA==","","Justin Zweep","https://www.linkedin.com/in/justinzweep","David Alejandro Fuquen Flórez","https://www.linkedin.com/in/david-fuquen","2025-08-15 15:22:05 UTC","","https://www.linkedin.com/posts/shreya-rajpal_today-were-announcing-snowglobe-the-activity-7361788999448883201-9mSW?utm_medium=ios_app&rcm=ACoAABsNOtoBgx5GMkmmmlVCvUuKn-pCSY3xSMw&utm_source=social_share_send&utm_campaign=copy_link","INBOX"
"2-ZmZlNjZiMDctMjE0Ni00NjZlLWE2ODctN2ZiZjYyZWJkZTZiXzEwMA==","","David Alejandro Fuquen Flórez","https://www.linkedin.com/in/david-fuquen","Santiago Silva Hinestroza ","https://www.linkedin.com/in/santiago-silva-hinestroza-247071210","2025-05-07 23:24:24 UTC","","De una!
","INBOX"
"2-ZmZlNjZiMDctMjE0Ni00NjZlLWE2ODctN2ZiZjYyZWJkZTZiXzEwMA==","","Santiago Silva Hinestroza ","https://www.linkedin.com/in/santiago-silva-hinestroza-247071210","David Alejandro Fuquen Flórez","https://www.linkedin.com/in/david-fuquen","2025-05-04 20:06:02 UTC","","Claro de una, si te parece te escribo el 5 de junio ","INBOX"
"2-ZmZlNjZiMDctMjE0Ni00NjZlLWE2ODctN2ZiZjYyZWJkZTZiXzEwMA==","","Santiago Silva Hinestroza ","https://www.linkedin.com/in/santiago-silva-hinestroza-247071210","David Alejandro Fuquen Flórez","https://www.linkedin.com/in/david-fuquen","2025-05-04 20:05:37 UTC","","Hola David!","INBOX"
"2-ZmZlNjZiMDctMjE0Ni00NjZlLWE2ODctN2ZiZjYyZWJkZTZiXzEwMA==","","David Alejandro Fuquen Flórez","https://www.linkedin.com/in/david-fuquen","Santiago Silva Hinestroza ","https://www.linkedin.com/in/santiago-silva-hinestroza-247071210","2025-05-04 13:24:03 UTC","","Buenos días!

Disculpa que te contesto hasta ahora… ha sido una semana dura. Te cuento, me interesa mucho la oferta y te agradezco por tu consideración. Sin embargo, en este momento me queda realmente difícil: estoy por entrar a entregas y exámenes finales de la universidad mientras cierro contrato con la empresa con la que estoy trabajando.

Dicho eso… ¿te parece si volvemos a charlar a inicios de junio?","INBOX"
"2-ZmZlNjZiMDctMjE0Ni00NjZlLWE2ODctN2ZiZjYyZWJkZTZiXzEwMA==","","Santiago Silva Hinestroza ","https://www.linkedin.com/in/santiago-silva-hinestroza-247071210","David Alejandro Fuquen Flórez","https://www.linkedin.com/in/david-fuquen","2025-04-28 15:55:30 UTC","","Ahorita tenemos personas que dando 8-12 horas al mes, ÚNICAMENTE en sus tiempos libres, llegan a generar más de 2 millones de pesos mensuales ","INBOX"
"2-ZmZlNjZiMDctMjE0Ni00NjZlLWE2ODctN2ZiZjYyZWJkZTZiXzEwMA==","","Santiago Silva Hinestroza ","https://www.linkedin.com/in/santiago-silva-hinestroza-247071210","David Alejandro Fuquen Flórez","https://www.linkedin.com/in/david-fuquen","2025-04-28 15:55:21 UTC","","no es una oferta laboral como tal, estamos buscando personas con tu perfil, que trabajan y estudian, con poco tiempo, pero que pueden capitalizar su tiempo libre y sus conocimientos académicos. Nuestra dinámica es hacerte llegar a ti tantas solicitudes académicas como nos llegan por parte de estudiantes y trabajadores de empresas, que hoy ya son más de 200 solicitudes al mes y tú en tus tiempos libres, puedes tomar clientes de lo que te vamos avisando y atenderlos dando tutoría, asesoría, etc! Es súper bacano y todos los que ya son aliados capitalizan tiempo libre únicamente, estamos principalmente enfocados en Los Andes, Javeriana, cesa y sabana, pero expandiéndonos masivamente, me cuentas, la idea es programar una llamada","INBOX"
"2-ZmZlNjZiMDctMjE0Ni00NjZlLWE2ODctN2ZiZjYyZWJkZTZiXzEwMA==","","Santiago Silva Hinestroza ","https://www.linkedin.com/in/santiago-silva-hinestroza-247071210","David Alejandro Fuquen Flórez","https://www.linkedin.com/in/david-fuquen","2025-04-28 15:55:18 UTC","","Bien todo! Si claro ","INBOX"
"2-ZmZlNjZiMDctMjE0Ni00NjZlLWE2ODctN2ZiZjYyZWJkZTZiXzEwMA==","","David Alejandro Fuquen Flórez","https://www.linkedin.com/in/david-fuquen","Santiago Silva Hinestroza ","https://www.linkedin.com/in/santiago-silva-hinestroza-247071210","2025-04-28 13:16:52 UTC","","Cuéntame, por favor. Muchas gracias ","INBOX"
"2-ZmZlNjZiMDctMjE0Ni00NjZlLWE2ODctN2ZiZjYyZWJkZTZiXzEwMA==","","David Alejandro Fuquen Flórez","https://www.linkedin.com/in/david-fuquen","Santiago Silva Hinestroza ","https://www.linkedin.com/in/santiago-silva-hinestroza-247071210","2025-04-28 13:16:24 UTC","","Buenos días! Todo muy bien, tú qué tal?","INBOX"
"2-ZmZlNjZiMDctMjE0Ni00NjZlLWE2ODctN2ZiZjYyZWJkZTZiXzEwMA==","","Santiago Silva Hinestroza ","https://www.linkedin.com/in/santiago-silva-hinestroza-247071210","David Alejandro Fuquen Flórez","https://www.linkedin.com/in/david-fuquen","2025-04-23 14:22:32 UTC","","Estaba viendo tu perfil y tienes habilidades y concimientos muy demandados, quisiera contarte sobre una oportunidad que tenemos para personas con tu tipo de perfil, que tienen poco tiempo ya sea por trabajo o estudio ","INBOX"
"2-ZmZlNjZiMDctMjE0Ni00NjZlLWE2ODctN2ZiZjYyZWJkZTZiXzEwMA==","","Santiago Silva Hinestroza ","https://www.linkedin.com/in/santiago-silva-hinestroza-247071210","David Alejandro Fuquen Flórez","https://www.linkedin.com/in/david-fuquen","2025-04-23 14:22:29 UTC","","Buenos días David! Cómo va todo?","INBOX"
"2-ZmFmYWY0ODgtYTcxNS00NjlmLWJkZjgtYjVjNmZjZjg0ZWQyXzEwMA==","","David Alejandro Fuquen Flórez","https://www.linkedin.com/in/david-fuquen","Manuela Domínguez Pardo","https://www.linkedin.com/in/manueladomínguez","2025-03-28 16:26:11 UTC","","Te agradezco mucho. Por el momento no estoy interesado, pero cuando lo necesite ya sé a quien contactar","INBOX"
"2-ZmFmYWY0ODgtYTcxNS00NjlmLWJkZjgtYjVjNmZjZjg0ZWQyXzEwMA==","","Manuela Domínguez Pardo","https://www.linkedin.com/in/manueladomínguez","David Alejandro Fuquen Flórez","https://www.linkedin.com/in/david-fuquen","2025-03-26 15:39:28 UTC","","David! Te contacto por aquí porque doy asesorías financieras a varias empresas y personas sobre todo el tema tributario, portafolios de inversión y también todo el tema de pensiones obligatorias en fondos privados sin ningún costo, ya que Skandia puede llegar a manejar mejor rentabilidad vs otros fondos de pensión privados! Podría interesarte no se si en algún momento has tenido la oportunidad de asesorarte, has revisado rentabilidades en pensión obligatoria o te interesa el tema de inversión?","INBOX"
"2-ZmFmYWY0ODgtYTcxNS00NjlmLWJkZjgtYjVjNmZjZjg0ZWQyXzEwMA==","","Manuela Domínguez Pardo","https://www.linkedin.com/in/manueladomínguez","David Alejandro Fuquen Flórez","https://www.linkedin.com/in/david-fuquen","2025-03-26 15:36:02 UTC","","Muy bien! Muchas gracias!","INBOX"
"2-ZmFmYWY0ODgtYTcxNS00NjlmLWJkZjgtYjVjNmZjZjg0ZWQyXzEwMA==","","David Alejandro Fuquen Flórez","https://www.linkedin.com/in/david-fuquen","Manuela Domínguez Pardo","https://www.linkedin.com/in/manueladomínguez","2025-03-26 14:58:14 UTC","","Hola Manuela! Bien y tú?","INBOX"
"2-ZmFmYWY0ODgtYTcxNS00NjlmLWJkZjgtYjVjNmZjZjg0ZWQyXzEwMA==","","Manuela Domínguez Pardo","https://www.linkedin.com/in/manueladomínguez","David Alejandro Fuquen Flórez","https://www.linkedin.com/in/david-fuquen","2025-03-26 13:44:04 UTC","","Hola David! como estas?","INBOX"
"2-ZTc1YmI0ZmEtOTgyMy00ODFkLTlkOGEtMjA0ZWVmYmNmZWQ0XzEwMA==","","Monica Jimena Mier Barrera","https://www.linkedin.com/in/monica-jimena-mier-barrera-","David Alejandro Fuquen Flórez","https://www.linkedin.com/in/david-fuquen","2025-03-27 00:21:28 UTC","","Hola David, soy Mónica. He visto cómo la tecnología puede facilitar el día a día y me gustaría compartir algunas ideas que he aprendido en mi experiencia con automatización BPM. ¿Te parece si conversamos?","INBOX"
"2-ZTc1YmI0ZmEtOTgyMy00ODFkLTlkOGEtMjA0ZWVmYmNmZWQ0XzEwMA==","","Monica Jimena Mier Barrera","https://www.linkedin.com/in/monica-jimena-mier-barrera-","David Alejandro Fuquen Flórez","https://www.linkedin.com/in/david-fuquen","2025-02-12 16:50:27 UTC","","Hola David! soy Monica de Aperce, me encantaría sumarte a mi red de contactos ¿Conectamos?","INBOX"
"2-NGQxZDg1ZmYtOGE1MS00OGViLWFmYzUtYjc5MjNlZjNhYzJmXzEwMA==","","Analytics Uniandes","https://www.linkedin.com/in/analyticsua","David Alejandro Fuquen Flórez","https://www.linkedin.com/in/david-fuquen","2025-03-14 20:30:06 UTC","","Hola David. 

Espero que estés muy bien. Te escribe Valentina Díaz, asistente graduada en la Universidad de Los Andes, para invitarte al Analytics Forum 2025, que se llevará a cabo el 9 de mayo.

Este evento reunirá a expertos en analítica de datos para compartir las últimas tendencias y avances en el campo. Será una gran oportunidad para aprender, intercambiar ideas y conectar con líderes de la industria.

Si te interesa participar, puedes encontrar más información y adquirir tus boletas aquí 👉 https://analyticsforum.uniandes.edu.co/.

¡Espero que puedas acompañarnos!","INBOX"
"2-NWJhN2RiMjctOGM1ZS00YTc3LThmYjctZWY5YTJlZGVmZGY5XzEwMA==","","Marketing Ectricol","https://www.linkedin.com/in/marketing-ectricol-5a9433b5","David Alejandro Fuquen Flórez","https://www.linkedin.com/in/david-fuquen","2025-02-13 16:35:36 UTC","","Hola, David!

Nos complace hablar contigo sobre nuestro compromiso para cambiar el mundo a través del uso de energías renovables. Como expertos en la fabricación de soluciones eléctricas para energía solar y eólica, diseñamos Power Stations, Centros de Transformación y Centros de Interconexión para distribuir energía renovable y convertirla en energía de consumo final.

Actualmente, participamos en más de 30 proyectos de energía solares en Colombia y estamos firmemente comprometidos con la transición energética del país.

Queremos invitarte a seguirnos en LinkedIn para que puedas conocer más sobre nuestras soluciones y cómo estamos contribuyendo al cuidado del planeta a través del uso de energías limpias. ¡Esperamos que te unas a nosotros en este viaje hacia un futuro sostenible!

Clic a nuestra pagina en LinkedIn 👇👇 https://www.linkedin.com/company/industrias-ectricol/mycompany/

por tomarte el tiempo de leernos.","INBOX"
"2-ZTczZTc2ZjQtZTNjMi00YzYzLTlhYzQtMmM3YjkyYzc1NDc5XzAxMg==","","María José Charria Macias","https://www.linkedin.com/in/maria-jose-charria","David Alejandro Fuquen Flórez","https://www.linkedin.com/in/david-fuquen","2025-01-17 21:43:28 UTC","","Congratulazioni per il tuo nuovo ruolo presso Precia PPV S.A!","INBOX"
"2-YzdjMWFkOGMtZjE1MS00ZGZlLTgxMjQtZTk2MDc5ZWM3MzY3XzAxMA==","","David Alejandro Fuquen Flórez","https://www.linkedin.com/in/david-fuquen","Maira Russo","https://www.linkedin.com/in/maíra-russo","2024-11-07 23:47:37 UTC","","Hello! That’s a shame… thank you so much thought. ","INBOX"
"2-YzdjMWFkOGMtZjE1MS00ZGZlLTgxMjQtZTk2MDc5ZWM3MzY3XzAxMA==","","Maira Russo","https://www.linkedin.com/in/maíra-russo","David Alejandro Fuquen Flórez","https://www.linkedin.com/in/david-fuquen","2024-11-07 20:06:00 UTC","","Hello, the role was not open. If anything comes out i will reach out, but for now, looks like we are done.","INBOX"
"2-YzdjMWFkOGMtZjE1MS00ZGZlLTgxMjQtZTk2MDc5ZWM3MzY3XzAxMA==","","David Alejandro Fuquen Flórez","https://www.linkedin.com/in/david-fuquen","Maira Russo","https://www.linkedin.com/in/maíra-russo","2024-11-01 19:25:57 UTC","","I’m doing great, thanks!

No worries, thank you ","INBOX"
"2-YzdjMWFkOGMtZjE1MS00ZGZlLTgxMjQtZTk2MDc5ZWM3MzY3XzAxMA==","","Maira Russo","https://www.linkedin.com/in/maíra-russo","David Alejandro Fuquen Flórez","https://www.linkedin.com/in/david-fuquen","2024-11-01 18:31:58 UTC","","I will get back to you","INBOX"
"2-YzdjMWFkOGMtZjE1MS00ZGZlLTgxMjQtZTk2MDc5ZWM3MzY3XzAxMA==","","Maira Russo","https://www.linkedin.com/in/maíra-russo","David Alejandro Fuquen Flórez","https://www.linkedin.com/in/david-fuquen","2024-11-01 18:31:54 UTC","","Hi David, how are you?  sorry i missed your message, I will have more details about the role at the end of the day and also the confirmation","INBOX"
"2-YzdjMWFkOGMtZjE1MS00ZGZlLTgxMjQtZTk2MDc5ZWM3MzY3XzAxMA==","","David Alejandro Fuquen Flórez","https://www.linkedin.com/in/david-fuquen","Maira Russo","https://www.linkedin.com/in/maíra-russo","2024-10-31 17:27:47 UTC","","Hello! Nice to meet you too. 

Great! Would you like to make a call?","INBOX"
"2-YzdjMWFkOGMtZjE1MS00ZGZlLTgxMjQtZTk2MDc5ZWM3MzY3XzAxMA==","","Maira Russo","https://www.linkedin.com/in/maíra-russo","David Alejandro Fuquen Flórez","https://www.linkedin.com/in/david-fuquen","2024-10-31 15:13:35 UTC","","Hi. Nice to meet you. Federico shared your contact. We have an internship role at  Caseware.","INBOX"
"2-NjI1OWZhMzYtMzU0Mi00ODExLTk1YmYtNmZmODgzZjI0NTQ4XzEwMA==","Lark: La clave para equipos frontline eficientes","Camila Torrelio Velasquez","","David Alejandro Fuquen Flórez","https://www.linkedin.com/in/david-fuquen","2026-02-16 16:49:30 UTC","","<p class=""spinmail-quill-editor__spin-break"">Soy Camila Torrelio, PMO de Marketing en Tuxpas.&nbsp;</p><p class=""spinmail-quill-editor__spin-break"">Quiero invitarte a nuestro próximo <strong>Webinar: Lark: La clave para equipos frontline eficientes</strong> el <strong>25 de Febrero a las 10:00AM Hora Centro de México.&nbsp;</strong></p><p class=""spinmail-quill-editor__spin-break""><br></p><p class=""spinmail-quill-editor__spin-break"">Exploraremos las herramientas de Lark para enfrentar los desafíos de los empleados frontline, así como la importancia de una comunicación efectiva para los equipos operativos.&nbsp;</p><p class=""spinmail-quill-editor__spin-break""><br></p><p class=""spinmail-quill-editor__spin-break"">¡Te esperamos!</p>","ARCHIVE"
"2-ZTdiNDgwMDctMTQyNS00YjMyLTg3YTYtYzFkYzBjZjljZDRjXzEwMA==","Sponsored Conversation","LinkedIn Member","","David Alejandro Fuquen Flórez","https://www.linkedin.com/in/david-fuquen","2026-01-31 16:06:14 UTC","","<p class=""spinmail-quill-editor__spin-break"">👋 ¡Hola! Soy Caria de MBS School of Business en Francia.</p><p class=""spinmail-quill-editor__spin-break""><br></p><p class=""spinmail-quill-editor__spin-break"">¿Estás pensando en cursar un máster? Nuestras maestrías especializadas (MSc), reconocidas por el Estado, te ayudarán a desarrollar las habilidades más solicitadas en Inteligencia Artificial, Estrategia y Negocios, Gestión de Proyectos, Marketing y Finanzas.</p><p class=""spinmail-quill-editor__spin-break""><br></p><p class=""spinmail-quill-editor__spin-break"">Diseñadas junto a expertos del sector, combinan aprendizaje práctico y excelencia académica, abriéndote las puertas a una carrera internacional, con un 89 % de inserción laboral en los seis meses posteriores a la graduación.</p><p class=""spinmail-quill-editor__spin-break"">Además, puedes acceder a becas de hasta 2.000 €.</p><p class=""spinmail-quill-editor__spin-break""><br></p><p class=""spinmail-quill-editor__spin-break"">¿Te gustaría descubrir cuál es la maestría (MSc) ideal para ti?</p>","ARCHIVE"
"2-MjRjNzhkY2ItZTliYy00ZDBmLTk1MTQtODkwOWNiZjY5ZmQ1XzEwMA==","Sponsored Conversation","LinkedIn Member","","David Alejandro Fuquen Flórez","https://www.linkedin.com/in/david-fuquen","2026-01-28 00:39:10 UTC","","<p class=""spinmail-quill-editor__spin-break"">Hola, %FIRSTNAME%:</p><p class=""spinmail-quill-editor__spin-break""><br></p><p class=""spinmail-quill-editor__spin-break"">Tu perfil está generando interés y búsquedas. Descubre quién ha visto tu perfil con un mes gratis de LinkedIn Premium</p>","ARCHIVE"
"2-YWU3NzllZmQtZjNkYS00OGNiLWE2ZWItZGVjOWNmYWI2MTRlXzEwMA==","Sponsored Conversation","LinkedIn Member","","David Alejandro Fuquen Flórez","https://www.linkedin.com/in/david-fuquen","2026-01-11 15:34:45 UTC","","<p class=""spinmail-quill-editor__spin-break"">¡Hola %FIRSTNAME% soy Samanta Luna Un gusto saludarte</p><p class=""spinmail-quill-editor__spin-break""><br></p><p class=""spinmail-quill-editor__spin-break"">Cada vez más empresas en <strong>Colombia</strong> están optimizando sus procesos con la red de movilidad más grande del mundo.</p><p class=""spinmail-quill-editor__spin-break""><br></p><p class=""spinmail-quill-editor__spin-break"">Con <strong>Uber para Empresas</strong>, hoy ya están:</p><p class=""spinmail-quill-editor__spin-break""><br></p><ul><li>Automatizando trayectos</li><li>Centralizando la gestión de viáticos</li><li>Mejorando la experiencia de colaboradores y clientes</li></ul><p class=""spinmail-quill-editor__spin-break"">Todo desde una sola plataforma.</p><p class=""spinmail-quill-editor__spin-break""><br></p><p class=""spinmail-quill-editor__spin-break"">Además, pueden gestionar distintos casos de uso según su operación:</p><p class=""spinmail-quill-editor__spin-break""><br></p><ul><li>🚗 <strong>Uber Travel</strong> para mover ejecutivos y equipos regionales</li><li>📅 <strong>Uber Central</strong> para programar traslados y monitorear en tiempo real</li><li>🎁 <strong>Vouchers</strong> para premiar clientes, socios o talento externo</li></ul><p class=""spinmail-quill-editor__spin-break"">Siempre con políticas claras, facturación automatizada y control multinivel.</p><p class=""spinmail-quill-editor__spin-break""><br></p><p class=""spinmail-quill-editor__spin-break"">Muchas empresas ya hicieron el cambio:</p><p class=""spinmail-quill-editor__spin-break""><br></p><p class=""spinmail-quill-editor__spin-break""> ❌ Administración manual de viáticos</p><p class=""spinmail-quill-editor__spin-break""> ✅ Movilidad digital, controlada y visible</p><p class=""spinmail-quill-editor__spin-break""><br></p><p class=""spinmail-quill-editor__spin-break"">¿Te gustaría ver cómo lo implementa una empresa enterprise de tu industria?</p><p class=""spinmail-quill-editor__spin-break""><br></p><p class=""spinmail-quill-editor__spin-break""><strong> Agendemos una demo y lo revisamos en 15 minutos 🤝</strong></p><p class=""spinmail-quill-editor__spin-break""><br></p><p class=""spinmail-quill-editor__spin-break""><br></p>","ARCHIVE"
"2-NDU1YjgxZWMtYTYxMC00ZjkwLTkwOWEtODUwMGM5YzRiYTU5XzEwMA==","Sponsored Conversation","LinkedIn Member","","David Alejandro Fuquen Flórez","https://www.linkedin.com/in/david-fuquen","2025-12-23 01:28:21 UTC","","<p class=""spinmail-quill-editor__spin-break"">¡Hola! Soy Caria de MBS en Francia. ¿Estás considerando un programa de Bachelor, Master o MSc (Maestría especializada) para impulsar tu carrera?</p><p class=""spinmail-quill-editor__spin-break""><br></p><p class=""spinmail-quill-editor__spin-break"">🎓 Bachelor – 7º en Francia (Challenges 2025)</p><p class=""spinmail-quill-editor__spin-break"">🎓 Master in Management – 50º a nivel mundial (FT)</p><p class=""spinmail-quill-editor__spin-break"">🎓 MSc Supply Chain – 7º en Francia (QS 2026)</p><p class=""spinmail-quill-editor__spin-break""><br></p><p class=""spinmail-quill-editor__spin-break"">En MBS, nuestros títulos reconocidos por el Estado te preparan para oportunidades internacionales en Negocios, Finanzas, IA, Marketing y más. Con aprendizaje práctico y conexiones sólidas con empresas, desarrollarás las habilidades que buscan los empleadores.</p><p class=""spinmail-quill-editor__spin-break""><br></p><p class=""spinmail-quill-editor__spin-break"">¿Quieres descubrir el programa que es ideal para ti?</p>","ARCHIVE"
"2-MmJkNDEyNGYtMjI2Mi00MTUyLTlhNzMtNTcxNzQ2NDMyODRiXzEwMA==","Sponsored Conversation","LinkedIn Member","","David Alejandro Fuquen Flórez","https://www.linkedin.com/in/david-fuquen","2025-12-18 17:23:11 UTC","","<p class=""spinmail-quill-editor__spin-break"">¡Hola, %FIRSTNAME%!</p><p class=""spinmail-quill-editor__spin-break""><br></p><p class=""spinmail-quill-editor__spin-break"">¡Gracias por tu confianza en LinkedIn! Nos gustaría ofrecerte un mes de prueba gratis para Premium.</p>","ARCHIVE"
"2-YWE5MjM4ZjAtYzQxOC00MjEyLWE5ODUtOTU1MDE0ZTA0MzgyXzEwMA==","Sponsored Conversation","LinkedIn Member","","David Alejandro Fuquen Flórez","https://www.linkedin.com/in/david-fuquen","2025-11-28 19:12:27 UTC","","<p class=""spinmail-quill-editor__spin-break"">Hola, %FIRSTNAME%</p><p class=""spinmail-quill-editor__spin-break""><br></p><p class=""spinmail-quill-editor__spin-break"">Soy Analía Bustamante, asesora comercial de Dividenz, la plataforma que te permite invertir en Real Estate en EE.UU.&nbsp;</p><p class=""spinmail-quill-editor__spin-break""><br></p><p class=""spinmail-quill-editor__spin-break"">¿Te interesa acceder al mercado inmobiliario norteamericano y empezar a recibir rendimientos mensuales en USD?</p><p class=""spinmail-quill-editor__spin-break""><br></p><p class=""spinmail-quill-editor__spin-break"">Con nuestra plataforma podés invertir desde USD 30.000 en propiedades ya construidas y alquiladas en Estados Unidos, como edificios multifamiliares, naves industriales o locales comerciales. Obtendrás rendimientos en dólares desde el primer mes y una capitalización al finalizar el negocio.</p><p class=""spinmail-quill-editor__spin-break""><br></p><p class=""spinmail-quill-editor__spin-break"">¿Te interesa conocer más? Estoy para ayudarte.</p>","ARCHIVE"
"2-ZGU4ZjAwYWUtZGI0ZC00M2IwLThlMWYtNzI4ZWUzNTViNWIyXzEwMA==","Forma parte de la transformación digital","Diego Fernando Arias Sanabria","","David Alejandro Fuquen Flórez","https://www.linkedin.com/in/david-fuquen","2025-11-10 16:28:26 UTC","","<p class=""spinmail-quill-editor__spin-break""><em>Apreciado(a) </em>David Alejandro:</p><p class=""spinmail-quill-editor__spin-break""><br></p><p class=""spinmail-quill-editor__spin-break""><em>En su perfil profesional, hemos encontrado atributos que lo destacan entre los profesionales en su campo de acción. Por este motivo, queremos invitarlo a ser parte de la comunidad Rosarista, eligiendo nuestra Especialización en Gerencia de Proyectos de Servicios con TIC, como complemento a su formación profesional.</em></p><p class=""spinmail-quill-editor__spin-break""><br></p><p class=""spinmail-quill-editor__spin-break""><em>Esta especialización lo preparará para dirigir proyectos tecnológicos con metodologías internacionales (PMI®), integrando sostenibilidad, transformación digital y liderazgo ético. Así mismo, desarrollará habilidades para gestionar equipos interdisciplinarios, diseñar experiencias de servicio eficientes y liderar iniciativas de innovación digital en cualquier tipo de organización.</em></p><p class=""spinmail-quill-editor__spin-break""><br></p><p class=""spinmail-quill-editor__spin-break""><em>La modalidad remota (conexión en tiempo real) le permite participar en clases en vivo desde cualquier lugar, con la flexibilidad de conectarse sin desplazamientos. Podrá interactuar directamente con docentes y compañeros, compartir experiencias y trabajar en equipo en entornos digitales dinámicos, manteniendo una formación de alta calidad, cercana y adaptada a su ritmo profesional.</em></p><p class=""spinmail-quill-editor__spin-break""><br></p><p class=""spinmail-quill-editor__spin-break""><em>Lo invitamos ser parte de esta especialización y conocer nuestra propuesta de valor en el botón (link de registro) </em></p><p class=""spinmail-quill-editor__spin-break""><em>&nbsp;</em></p><p class=""spinmail-quill-editor__spin-break""><br></p><p class=""spinmail-quill-editor__spin-break""><em>Cordialmente, </em></p><p class=""spinmail-quill-editor__spin-break""><br></p><p class=""spinmail-quill-editor__spin-break""><strong><em>Diego Fernando Arias Sanabria</em></strong></p><p class=""spinmail-quill-editor__spin-break""><strong><em>Director Nacional de Posgrados Escuela de Administración.</em></strong></p><p class=""spinmail-quill-editor__spin-break""><strong><em>Universidad del Rosario</em></strong></p>","ARCHIVE"
"2-YmJkYzllMzItNmM3Yi00OWIyLTgwNDEtZjM1NmZhNjMwNDBlXzEwMA==","Sponsored Conversation","LinkedIn Member","","David Alejandro Fuquen Flórez","https://www.linkedin.com/in/david-fuquen","2025-11-06 03:27:34 UTC","","<p class=""spinmail-quill-editor__spin-break"">Hola, %FIRSTNAME%:</p><p class=""spinmail-quill-editor__spin-break""><br></p><p class=""spinmail-quill-editor__spin-break"">De media, LinkedIn Premium puede <strong>aumentar las visualizaciones de tu perfil 13&nbsp;veces más</strong>. Comienza tu mes de prueba gratis hoy mismo y amplía tu red más rápido.</p>","ARCHIVE"
"2-NThmYTY0Y2YtYzI4Mi00YzlmLWFhYTMtODA1MzA3NDEwY2Q4XzEwMA==","Sponsored Conversation","LinkedIn Member","","David Alejandro Fuquen Flórez","https://www.linkedin.com/in/david-fuquen","2025-10-24 12:01:32 UTC","","<p class=""spinmail-quill-editor__spin-break"">Hola %FIRSTNAME%,</p><p class=""spinmail-quill-editor__spin-break""><br></p><p class=""spinmail-quill-editor__spin-break"">Soy Daniela González, Coordinadora de Admisiones de EALDE Business School. Me han autorizado para ofrecer 18 becas parciales que cubren hasta el 70% del valor de nuestros másteres europeos 100% online.</p><p class=""spinmail-quill-editor__spin-break""><br></p><p class=""spinmail-quill-editor__spin-break"">Pero antes de saber si puedes acceder a una de ellas, queremos hacerte una pregunta clave:</p><p class=""spinmail-quill-editor__spin-break""><br></p><p class=""spinmail-quill-editor__spin-break""><strong>¿Tu carrera está estancada?</strong></p><p class=""spinmail-quill-editor__spin-break"">¿Sientes que podrías estar ganando más?</p><p class=""spinmail-quill-editor__spin-break"">¿Te cuesta avanzar profesionalmente?</p><p class=""spinmail-quill-editor__spin-break"">¿Te gustaría mejorar tu perfil sin dejar de trabajar?</p><p class=""spinmail-quill-editor__spin-break""><br></p><p class=""spinmail-quill-editor__spin-break""><a href=""https://57j2mdx2spb.typeform.com/to/LLtfzY9v?utm_source=linkedin&amp;utm_medium=paid-social&amp;utm_campaign=EALDE.C-V1.LI.IN.TOP.123"" rel=""noopener nofollow"" target=""_blank"" class=""ql-link"">Responde un breve test </a>de 60 segundos y descubre si es momento de dar un paso adelante… y si puedes calificar para una de nuestras becas.</p><p class=""spinmail-quill-editor__spin-break""><br></p><p class=""spinmail-quill-editor__spin-break"">Áreas disponibles:</p><ul><li><strong>Gestión de Riesgos</strong></li><li><strong>Compliance</strong></li><li><strong>Sostenibilidad</strong></li><li><strong>Dirección General</strong></li><li><strong>Gestión de Proyectos</strong></li></ul><p class=""spinmail-quill-editor__spin-break""><strong>﻿</strong></p>","ARCHIVE"
"2-ZWVlNDBkYmItZTIxYi00NjIzLTg2YzYtNTI5ZmE4NTdmMjViXzEwMA==","Cuenta en EE. UU. para profesionales","Samyra Ramos","","David Alejandro Fuquen Flórez","https://www.linkedin.com/in/david-fuquen","2025-10-07 00:03:52 UTC","","<p class=""spinmail-quill-editor__spin-break"">¡Hola David Alejandro!</p><p class=""spinmail-quill-editor__spin-break""><br></p><p class=""spinmail-quill-editor__spin-break"">¿Tienes clientes en Estados Unidos?</p><p class=""spinmail-quill-editor__spin-break"">Si recibes pagos en dólares, olvídate de las comisiones y abre tu cuenta con <a rel=""noopener"" href=""https://www.higlobe.com/es/col?hgcode=mescampLKCO&utm_source=linkedin&utm_medium=linkedin&utm_campaign=linkedin-co-message-september&li_fat_id=7977bc14-1f13-4fdc-9e04-8585c5aa575c"" target=""_blank"">Higlobe</a>.</p><p class=""spinmail-quill-editor__spin-break""><br></p><p class=""spinmail-quill-editor__spin-break"">Con Higlobe, puedes recibir tus pagos en dólares sin comisiones y disfrutar de:</p><p class=""spinmail-quill-editor__spin-break""><br></p><p class=""spinmail-quill-editor__spin-break"">✅ Una cuenta bancaria en EE. UU.</p><p class=""spinmail-quill-editor__spin-break"">✅ Gana un 3% sobre tus ingresos.</p><p class=""spinmail-quill-editor__spin-break"">✅ Transfiere a tu cuenta en Colombia sin costos.</p><p class=""spinmail-quill-editor__spin-break""><br></p><p class=""spinmail-quill-editor__spin-break"">¿Te interesa? Haz clic para registrarte.</p>","ARCHIVE"
"2-M2RlZTMyNGUtMzFjMS00MzI4LTg2ZjktZDliY2QwZjU3NDFiXzEwMA==","Sponsored Conversation","LinkedIn Member","","David Alejandro Fuquen Flórez","https://www.linkedin.com/in/david-fuquen","2025-09-27 02:30:25 UTC","","<p class=""spinmail-quill-editor__spin-break"">¡Hola, %FIRSTNAME%!</p><p class=""spinmail-quill-editor__spin-break""><br></p><p class=""spinmail-quill-editor__spin-break"">¡Gracias por tu confianza en LinkedIn! Nos gustaría ofrecerte un mes de prueba gratis para Premium.</p>","ARCHIVE"
"2-ZTFkYWQ3ZDYtMGM3YS00ZjI0LWI1NDUtOGQ0NzU3ZWIwZDg5XzEwMA==","Lidera la arquitectura SAP en una tech líder","Daniela Patel","","David Alejandro Fuquen Flórez","https://www.linkedin.com/in/david-fuquen","2025-09-12 17:40:08 UTC","","<p class=""spinmail-quill-editor__spin-break"">Hola [Nombre],</p><p class=""spinmail-quill-editor__spin-break""><br></p><p class=""spinmail-quill-editor__spin-break"">Tu trayectoria en entornos SAP y tu experiencia liderando equipos técnicos me hacen pensar que podrías estar frente a una gran oportunidad.</p><p class=""spinmail-quill-editor__spin-break""><br></p><p class=""spinmail-quill-editor__spin-break"">Desde Colsubsidio estamos acompañando un proceso de selección para el cargo de Líder Técnico SAP en una empresa destacada del sector tecnología y telecomunicaciones. Buscamos un perfil senior que domine soluciones SAP y SAP HANA, con experiencia en integración (PI/PO, SOA, BPM) y desarrollo ABAP, capaz de liderar procesos técnicos complejos.</p><p class=""spinmail-quill-editor__spin-break""><br></p><p class=""spinmail-quill-editor__spin-break"">&nbsp;Oferta:</p><p class=""spinmail-quill-editor__spin-break""><br></p><p class=""spinmail-quill-editor__spin-break"">&nbsp;Contrato a término indefinido</p><p class=""spinmail-quill-editor__spin-break"">&nbsp;Modalidad híbrida en Bogotá</p><p class=""spinmail-quill-editor__spin-break"">&nbsp;Jornada laboral de lunes a viernes (40h/semana)</p><p class=""spinmail-quill-editor__spin-break"">&nbsp;Rango salarial competitivo: $18.000.000 a $20.000.000</p><p class=""spinmail-quill-editor__spin-break""><br></p><p class=""spinmail-quill-editor__spin-break"">&nbsp;Si te interesa explorar esta vacante estratégica realiza tu solicitud sencilla a través de LinkedIn: linkedin.com/jobs/view/4295354294</p><p class=""spinmail-quill-editor__spin-break""><br></p><p class=""spinmail-quill-editor__spin-break"">&nbsp;Un saludo,</p><p class=""spinmail-quill-editor__spin-break"">&nbsp;Daniela Patel</p><p class=""spinmail-quill-editor__spin-break"">&nbsp;Agencia de Empleo Colsubsidio</p>","ARCHIVE"
"2-Y2UyMWYwMjctYTJhZC00NmViLTg4YmYtMzhkM2E2ZWE2MTc5XzEwMA==","Sponsored Conversation","LinkedIn Member","","David Alejandro Fuquen Flórez","https://www.linkedin.com/in/david-fuquen","2025-08-18 16:25:09 UTC","","<p class=""spinmail-quill-editor__spin-break"">Hola %FIRSTNAME%,</p><p class=""spinmail-quill-editor__spin-break"">Cómo estás? Encantada de saludarte&nbsp;</p><p class=""spinmail-quill-editor__spin-break""><br></p><p class=""spinmail-quill-editor__spin-break"">Estuve viendo a lo que se dedica tu empresa y tengo algo que podría interesarte, ya que te puede generar ganancias</p><p class=""spinmail-quill-editor__spin-break""><br></p><p class=""spinmail-quill-editor__spin-break"">¿Te parece que te comente de que se trata?</p>","ARCHIVE"
"2-YzE1M2EyOWItZWIzYS00NWRlLWI4ZWItNWM5ZTg3Zjk4MmJkXzEwMA==","Sponsored Conversation","LinkedIn Member","","David Alejandro Fuquen Flórez","https://www.linkedin.com/in/david-fuquen","2025-08-10 19:29:46 UTC","","<p class=""spinmail-quill-editor__spin-break"">¡Hola, %FIRSTNAME%! </p><p class=""spinmail-quill-editor__spin-break""><br></p><p class=""spinmail-quill-editor__spin-break"">Hemos observado que el número de anuncios de empleo que te podrían interesar ha aumentado últimamente. ¿Te gustaría probar Premium gratis para conocer sus ventajas?</p>","ARCHIVE"
"2-YzJmZTdjMzgtNjU3Zi00OWQ2LWIzODktMzc2OWI0YzA5NTMxXzEwMA==","Sponsored Conversation","LinkedIn Member","","David Alejandro Fuquen Flórez","https://www.linkedin.com/in/david-fuquen","2025-07-29 03:22:34 UTC","","<p class=""spinmail-quill-editor__spin-break"">Hola, %FIRSTNAME%. Soy Adriana Angarita, CEO de INNKIND, me gustaría invitarte a asistir este 20 y 21 de agosto en Panamá al Foro Internacional de Educación Superior FIED LATAM 2025, donde anualmente reunimos a los líderes de educación para trazar la ruta de la industria en nuestra región. El evento es por invitación y reservado para líderes, administrativos de alto nivel y tomadores de decisiones del sector universitario y colegial de tu país.</p><p class=""spinmail-quill-editor__spin-break""><br></p><p class=""spinmail-quill-editor__spin-break"">Me interesa que asistas. Te invito a ingresar a <a href=""https://innkind.com/inscripciones-fied-latam-2025/"" rel=""noopener nofollow"" target=""_blank"" class=""ql-link"">https://innkind.com/inscripciones-fied-latam-2025/</a> dejar tus datos para garantizar tu invitación y tu cupo.</p><p class=""spinmail-quill-editor__spin-break""><br></p><p class=""spinmail-quill-editor__spin-break"">Te esperamos en Panamá para que seas parte del selecto grupo que asistirá este año. Saludos!</p>","ARCHIVE"
"2-MmE3OGRjOTEtZjBkNi00ZTdlLWFjOTctYjAxMzIyYmIxODc1XzEwMA==","Sponsored Conversation","LinkedIn Member","","David Alejandro Fuquen Flórez","https://www.linkedin.com/in/david-fuquen","2025-07-09 00:47:06 UTC","","<p class=""spinmail-quill-editor__spin-break"">¡Hola, %FIRSTNAME%!</p><p class=""spinmail-quill-editor__spin-break"">Mi nombre es Romina Schwarz y formo parte del equipo de Bunker DB, la empresa líder en Latinoamérica en analítica de marketing.</p><p class=""spinmail-quill-editor__spin-break""><br></p><p class=""spinmail-quill-editor__spin-break"">Ofrecemos soluciones que automatizan diversas tareas operativas dentro de los equipos de marketing, permitiendo lograr eficiencias en la compra de medios, optimizar estrategias de contenido, y mucho más.</p><p class=""spinmail-quill-editor__spin-break""><br></p><p class=""spinmail-quill-editor__spin-break"">Más de 1000 marcas en toda la región confían en nuestra tecnología, incluyendo L'Oréal, Claro, Nestlé, Walmart, Itaú, BID, AB InBev, y Pepsi.</p><p class=""spinmail-quill-editor__spin-break""><br></p><p class=""spinmail-quill-editor__spin-break"">Me encantaría que pudieras ver una demostración en vivo de nuestra tecnología, donde te mostraremos cómo funciona nuestro asistente de Inteligencia Artificial para lograr múltiples automatismos e insigths, nos tomara solo 15 minutos.</p><p class=""spinmail-quill-editor__spin-break""><br></p><p class=""spinmail-quill-editor__spin-break"">¡Muchas gracias!</p>","ARCHIVE"
"2-MzljZjFmN2EtMjhhNC00ZjFjLWIwY2ItYWNiMTYzN2VkNDg0XzEwMA==","Sponsored Conversation","LinkedIn Member","","David Alejandro Fuquen Flórez","https://www.linkedin.com/in/david-fuquen","2025-07-01 19:01:35 UTC","","<p class=""spinmail-quill-editor__spin-break"">Hola,&nbsp;%FIRSTNAME%:</p><p class=""spinmail-quill-editor__spin-break""><br></p><p class=""spinmail-quill-editor__spin-break"">¿Sabías que hay una forma fácil de enterarte antes que nadie sobre nuevas vacantes que pueden interesarte?</p><p class=""spinmail-quill-editor__spin-break"">Si configuras alertas de empleo, recibirás notificaciones móviles o por email de nuevos anuncios que coincidan con tus criterios sobre cargos, ubicaciones, empresas, sueldo, beneficios y otras preferencias. Pruébalo a continuación.</p>","ARCHIVE"
"2-MzJiOTYwZjMtYjM3MC00Yjc4LWFhMGItYzc2ZmJhZDVjNTA1XzEwMA==","Sponsored Conversation","LinkedIn Member","","David Alejandro Fuquen Flórez","https://www.linkedin.com/in/david-fuquen","2025-06-11 00:31:14 UTC","","<p class=""spinmail-quill-editor__spin-break""><strong>Hola %FIRSTNAME%!</strong></p><p class=""spinmail-quill-editor__spin-break""><br></p><p class=""spinmail-quill-editor__spin-break"">Soy <strong>Claudia Vázquez</strong>, Coordinadora de Admisiones de EALDE Business School. En mi cargo, he sido autorizada para ofrecer <strong>18 Becas</strong> a profesionales destacados del sector asegurador y financiero.</p><p class=""spinmail-quill-editor__spin-break"">Se trata de <strong>becas parciales</strong> que pueden cubrir un alto porcentaje de la matrícula.</p><p class=""spinmail-quill-editor__spin-break"">Y tras haber observado la formación y aptitudes en tu perfil, quisiera ofrecerte la posibilidad de continuar tu formación profesional con el <a href=""https://estudiar.ealde.es/master-seguros-risk-management/?utm_source=linkedin&amp;utm_medium=paid-social&amp;utm_campaign=MSRM.C-V1.LI.MA.CO.80&amp;utm_term=AD1"" rel=""noopener nofollow"" target=""_blank"" class=""ql-link"">Máster en Seguros y Risk Management</a>, para el que acabamos de abrir la inscripción.</p><p class=""spinmail-quill-editor__spin-break""><br></p><p class=""spinmail-quill-editor__spin-break""><strong>¿Qué vas a aprender con el </strong><a href=""https://estudiar.ealde.es/master-seguros-risk-management/?utm_source=linkedin&amp;utm_medium=paid-social&amp;utm_campaign=MSRM.C-V1.LI.MA.CO.80&amp;utm_term=AD1"" rel=""noopener nofollow"" target=""_blank"" class=""ql-link""><strong>Máster en Seguros y Risk Management de EALDE</strong></a><strong>?</strong></p><ul><li>Aplicar herramientas y metodologías de gestión de riesgos en entornos empresariales complejos.</li><li>Dominar el marco regulador del sector asegurador, incluyendo <strong>Solvencia II</strong> y normativas internacionales.</li><li>Comprender en profundidad los distintos tipos de seguros: vida, salud, daños, responsabilidad civil y más.</li><li>Identificar, analizar y mitigar riesgos operacionales, estratégicos y financieros en empresas.</li><li>Diseñar e implementar políticas de compliance y gobierno corporativo adaptadas al sector.</li><li>Evaluar el impacto financiero de los riesgos mediante técnicas actuariales y modelos cuantitativos.</li><li>Tomar decisiones clave basadas en el análisis de datos y proyecciones de riesgo.</li><li>Desarrollar estrategias integrales para proteger activos, mejorar la sostenibilidad y crear ventaja competitiva.</li></ul><p class=""spinmail-quill-editor__spin-break""><br></p><p class=""spinmail-quill-editor__spin-break"">Adicionalmente, al finalizar tu Máster podrás poner en práctica tus conocimientos en un Trabajo Fin de Máster (TFM), desarrollando un proyecto práctico en un entorno empresarial real, además de <strong>recibir un curso de Power BI valorado en 500€, incluido en el máster.</strong></p><p class=""spinmail-quill-editor__spin-break""><br></p><p class=""spinmail-quill-editor__spin-break""><strong>Si esta oferta pudiera interesarte, rellena el formulario y nos pondremos en contacto cuanto antes.</strong></p>","ARCHIVE"
"2-YThlNGRkNDItYTAzMC00MjExLWI0Y2EtZjU4ZDgyMDQ2OGNlXzEwMA==","Sponsored Conversation","LinkedIn Member","","David Alejandro Fuquen Flórez","https://www.linkedin.com/in/david-fuquen","2025-05-16 19:55:12 UTC","","<p class=""spinmail-quill-editor__spin-break"">Hola, %FIRSTNAME%,</p><p class=""spinmail-quill-editor__spin-break""><br></p><p class=""spinmail-quill-editor__spin-break"">Soy Paula Olivera, asesora comercial de Dividenz, la plataforma líder en inversiones en finca raíz en Estados Unidos.</p><p class=""spinmail-quill-editor__spin-break"">Sabemos que tomar decisiones financieras puede ser un desafío. Por eso, en Dividenz, no solo te ofrecemos acceso a productos de inversión de calidad institucional, sino también un asesoramiento personalizado, adaptado a tus objetivos y situación particular.&nbsp;</p><p class=""spinmail-quill-editor__spin-break""><br></p><p class=""spinmail-quill-editor__spin-break"">Conoce nuestros productos:&nbsp;</p><p class=""spinmail-quill-editor__spin-break""><br></p><ul><li><strong>Dividenz Cash Fund</strong>: Fondo de inversión de tasa fija anual de 9.50%* en USD, con liquidez en 48 horas y utilidades semanales. *Tasa promocional para primera inversión hasta USD 15,000 durante 9 meses.</li></ul><p class=""spinmail-quill-editor__spin-break""><br></p><ul><li><strong>Dividenz Deals</strong>: Producto de inversión de tasa variable basado en complejos multifamiliares e industriales, con una rentabilidad anual estimada del 14.25% en USD y utilidades mensuales.&nbsp;</li></ul><p class=""spinmail-quill-editor__spin-break"">Nos comprometemos a acompañarte en cada paso, brindándote la información y el respaldo que necesitas para invertir con confianza y tranquilidad.</p><p class=""spinmail-quill-editor__spin-break""><br></p><p class=""spinmail-quill-editor__spin-break"">¿Hablamos para analizar tu situación y encontrar la mejor opción?</p><p class=""spinmail-quill-editor__spin-break""><br></p>","ARCHIVE"
"2-YjJlYTAxNjctMzk5MC00Y2IwLTlmOGQtZWYxNGEzMDEyNTFmXzEwMA==","Sponsored Conversation","LinkedIn Member","","David Alejandro Fuquen Flórez","https://www.linkedin.com/in/david-fuquen","2025-05-10 03:33:06 UTC","","<p class=""spinmail-quill-editor__spin-break"">¡Hola, %FIRSTNAME%!</p><p class=""spinmail-quill-editor__spin-break""><br></p><p class=""spinmail-quill-editor__spin-break"">¡Gracias por tu confianza en LinkedIn! Nos gustaría ofrecerte un mes de prueba gratis para Premium.</p>","ARCHIVE"
"2-NjJhZmM0NGItNjBlMC00MzA3LTlkYjYtMjVhOGEzNGJmYTE4XzEwMA==","Webinar: Evoluciona tu automatización con IA para CX","Zendesk","","David Alejandro Fuquen Flórez","https://www.linkedin.com/in/david-fuquen","2025-04-28 00:41:54 UTC","","<p class=""spinmail-quill-editor__spin-break"">Hola David Alejandro,</p><p class=""spinmail-quill-editor__spin-break""><br></p><p class=""spinmail-quill-editor__spin-break"">El 15 de mayo a las 11 a.m. (CO) | 1 p.m. (CL, AR), acompáñanos en el webinar “Cómo evolucionar tu automatización con Zendesk AI Agents”. Te mostraremos cómo los agentes de IA de Zendesk hacen mucho más que ejecutar tareas: entienden el contexto, adaptan el tono y resuelven problemas con autonomía e inteligencia.</p><p class=""spinmail-quill-editor__spin-break""><br></p><p class=""spinmail-quill-editor__spin-break"">Conocerás:</p><p class=""spinmail-quill-editor__spin-break"">- Qué son los Agentes de IA y cómo automatizan hasta el 80% de las interacciones</p><p class=""spinmail-quill-editor__spin-break"">- El nuevo AI Agent Builder con personalización, flujos híbridos y análisis avanzado</p><p class=""spinmail-quill-editor__spin-break"">- Demostraciones en vivo y sesión de preguntas</p><p class=""spinmail-quill-editor__spin-break""><br></p><p class=""spinmail-quill-editor__spin-break"">¡Inscríbete y lleva tu operación al siguiente nivel con IA de verdad para CX!</p>","ARCHIVE"
"2-MzIzZjY1ZjEtZGY1NS00ZjZhLWEyMjctMzQ0ZjQ0ZDY0OWFmXzEwMA==","Sponsored Conversation","LinkedIn Member","","David Alejandro Fuquen Flórez","https://www.linkedin.com/in/david-fuquen","2025-04-09 13:30:46 UTC","","<p class=""spinmail-quill-editor__spin-break"">Hola, %FIRSTNAME%</p><p class=""spinmail-quill-editor__spin-break"">Soy Paula Olivera, asesora comercial de Dividenz, la plataforma líder en inversiones en finca raíz en Estados Unidos.</p><p class=""spinmail-quill-editor__spin-break""><br></p><p class=""spinmail-quill-editor__spin-break"">¿Sabías que con Dividenz Deals <strong>puedes generar utilidades mensuales en dólares al invertir en activos inmobiliarios multifamiliares e industriales en EE.UU? </strong>Este producto te permite potenciar tu capital en bienes raíces ya construidas y rentadas, ubicadas en los mercados americanos con mejor performance.&nbsp;</p><p class=""spinmail-quill-editor__spin-break""><br></p><p class=""spinmail-quill-editor__spin-break"">Conoce cómo funciona:&nbsp;</p><p class=""spinmail-quill-editor__spin-break""><br></p><ul><li><strong>Tasa: </strong>Variable&nbsp;</li><li><strong>Rentabilidad: 14.25%</strong> anual estimada en USD.&nbsp;</li><li><strong>Monto mínimo: Desde USD 30,000&nbsp;</strong></li><li><strong>Utilidades: Mensuales en USD&nbsp; - Acreditación instantánea.&nbsp;</strong></li><li>Cuentas con el programa <strong>Dividenz Trust:</strong> te permite probar el&nbsp; modelo de inversión sin costo durante 6 meses.&nbsp;</li></ul><p class=""spinmail-quill-editor__spin-break"">Invierte ahora de manera 100% remota y en 3 simples pasos.</p><p class=""spinmail-quill-editor__spin-break""><br></p><p class=""spinmail-quill-editor__spin-break"">¿Te gustaría saber más? ¡Contáctame y te cuento más información!</p><p class=""spinmail-quill-editor__spin-break""><br></p><p class=""spinmail-quill-editor__spin-break""><br></p>","ARCHIVE"
"2-NzhiNDM0MjMtODg5ZC00NWMzLWEzZGItODBkNzEwNjY5NDU1XzEwMA==","Sponsored Conversation","LinkedIn Member","","David Alejandro Fuquen Flórez","https://www.linkedin.com/in/david-fuquen","2025-03-29 22:18:04 UTC","","<p class=""spinmail-quill-editor__spin-break"">¡Hola, %FIRSTNAME%!</p><p class=""spinmail-quill-editor__spin-break""><br></p><p class=""spinmail-quill-editor__spin-break"">Hemos observado que el número de anuncios de empleo que te podrían interesar ha aumentado últimamente. ¿Te gustaría probar Premium gratis para conocer sus ventajas?</p>","ARCHIVE"
"2-YTAxYTU3MTAtZWJkZC00YTEwLWIyMjktZWY2ZjQ1NzAyN2VmXzEwMA==","Sponsored Conversation","LinkedIn Member","","David Alejandro Fuquen Flórez","https://www.linkedin.com/in/david-fuquen","2025-03-21 16:12:20 UTC","","<p class=""spinmail-quill-editor__spin-break"">Hola %FIRSTNAME%, soy Daniel Soldán, CEO de emBlue. Te contacto porque sé que en %COMPANYNAME% buscan mejorar la comunicación con sus estudiantes y atraer nuevos alumnos. En emBlue podemos ayudarte a lograrlo.</p><p class=""spinmail-quill-editor__spin-break""><br></p><p class=""spinmail-quill-editor__spin-break"">Por ejemplo, en la Universidad César Vallejo unificamos la comunicación de 17 sucursales, optimizando la interacción entre marketing, ventas, engagement y postgrado, además de mejorar la entrega de avisos transaccionales. Esto les permitió aumentar la captación y retención de estudiantes.</p><p class=""spinmail-quill-editor__spin-break""><br></p><p class=""spinmail-quill-editor__spin-break"">Hemos trabajado con más de 30 universidades en Latinoamérica, ayudándolas a fortalecer la relación con sus alumnos a través de estrategias automatizadas y personalizadas.</p><p class=""spinmail-quill-editor__spin-break""><br></p><p class=""spinmail-quill-editor__spin-break"">Me encantaría contarte más en una charla breve, sin compromiso. ¿Cuándo te viene mejor?</p>","ARCHIVE"
"2-NWE3MGRiMjctM2VlNS00NGFiLTk0NDQtZTY0NDg2YjVlNmVlXzEwMA==","Zendesk Relate Digital: El futuro del servicio al cliente🎖️","Zendesk","","David Alejandro Fuquen Flórez","https://www.linkedin.com/in/david-fuquen","2025-03-07 01:33:02 UTC","","<p class=""spinmail-quill-editor__spin-break"">Hola David Alejandro,</p><p class=""spinmail-quill-editor__spin-break""><br></p><p class=""spinmail-quill-editor__spin-break"">Participa en Zendesk Relate Digital, el 27 de Marzo a las 10 a.m. Esta es la oportunidad ideal para prepararte para las innovaciones que moldearán el servicio al cliente en 2025, especialmente las basadas en IA.</p><p class=""spinmail-quill-editor__spin-break""><br></p><p class=""spinmail-quill-editor__spin-break"">Descubre cómo:</p><p class=""spinmail-quill-editor__spin-break""><br></p><p class=""spinmail-quill-editor__spin-break"">- Integrar herramientas de IA que mejoran la experiencia del cliente</p><p class=""spinmail-quill-editor__spin-break"">- Utilizar datos para optimizar tus estrategias de servicio</p><p class=""spinmail-quill-editor__spin-break"">- Inspirar a tu equipo con las mejores prácticas del sector</p><p class=""spinmail-quill-editor__spin-break""><br></p><p class=""spinmail-quill-editor__spin-break"">No te pierdas la oportunidad de escuchar a Trevor Noah, ganador del Emmy, quien compartirá insights valiosos. ¡Inscríbete ahora y mantente a la vanguardia en la evolución del servicio!</p>","ARCHIVE"
"2-NDNlOTM0N2EtNjUzYy00MDZmLTk0MjEtNGMwMTZjNDhkZTE0XzEwMA==","Oportunidad Remota como Consultor de Escritura","Jean Philippe Ausina Ruiz","","David Alejandro Fuquen Flórez","https://www.linkedin.com/in/david-fuquen","2025-02-20 20:26:31 UTC","","<p class=""spinmail-quill-editor__spin-break"">Hola David Alejandro,</p><p class=""spinmail-quill-editor__spin-break""><br></p><p class=""spinmail-quill-editor__spin-break"">Soy reclutador en Outlier, una plataforma dedicada a entrenar modelos de inteligencia artificial. Estamos trabajando en varios proyectos emocionantes para entrenar sistemas de IA multilingües. Estos proyectos incluyen escribir, clasificar y evaluar prompts de chatbots de IA.</p><p class=""spinmail-quill-editor__spin-break""><br></p><p class=""spinmail-quill-editor__spin-break"">Tu perfil de LinkedIn destacó, ya que actualmente estamos contratando personas con dominio del inglés (B2+ o similar) y escritores fluidos en español, ¡como tú!</p><p class=""spinmail-quill-editor__spin-break""><br></p><p class=""spinmail-quill-editor__spin-break"">¿Por qué unirte a nuestra comunidad de más de 200,000 personas?</p><ul><li>100% remoto</li><li>Gana un promedio de $10.00 USD por hora</li><li>Horarios flexibles: trabaja dónde y cuándo quieras</li><li>Deja un impacto duradero en la IA: tu trabajo hará que la IA sea más segura para todos</li></ul><p class=""spinmail-quill-editor__spin-break"">Saludos,</p><p class=""spinmail-quill-editor__spin-break"">El equipo de Outlier</p>","ARCHIVE"
"2-Y2E5NTAyYzEtOGMxNy00YzI0LWI0ZjAtMjE1MTU2ZDI5NzdhXzEwMA==","Sponsored Conversation","LinkedIn Member","","David Alejandro Fuquen Flórez","https://www.linkedin.com/in/david-fuquen","2025-02-17 15:27:12 UTC","","<p class=""spinmail-quill-editor__spin-break"">¡Hola, %FIRSTNAME%!</p><p class=""spinmail-quill-editor__spin-break""><br></p><p class=""spinmail-quill-editor__spin-break"">Hemos observado que el número de anuncios de empleo que te podrían interesar ha aumentado últimamente. ¿Te gustaría probar Premium gratis para conocer sus ventajas?</p>","ARCHIVE"
"2-OGYyNzEzOWItZDkzNi00NjkwLTk3ZjUtMWM5MDk0N2ZiOTdkXzAxMA==","Sponsored Conversation","LinkedIn Member","","David Alejandro Fuquen Flórez","https://www.linkedin.com/in/david-fuquen","2025-02-06 02:24:10 UTC","","<p class=""spinmail-quill-editor__spin-break"">Hola, %FIRSTNAME%,</p><p class=""spinmail-quill-editor__spin-break"">¿Quieres simplificar tus pagos internacionales? Soy Francisco de Payoneer LATAM, y quiero mostrarte cómo nuestra plataforma puede ayudarte a recibir y gestionar pagos globales fácilmente:</p><p class=""spinmail-quill-editor__spin-break""><br></p><p class=""spinmail-quill-editor__spin-break"">- <strong>Recibe pagos en múltiples monedas</strong>: USD, EUR, GBP, y más, con cuentas locales.</p><p class=""spinmail-quill-editor__spin-break"">- <strong>Diversos métodos de pago</strong>: Acepta tarjetas y utiliza cuentas Swift.</p><p class=""spinmail-quill-editor__spin-break"">- <strong>Usa tus fondos como quieras</strong>: Retira fondos, paga a proveedores, y compra online o en tiendas.</p><p class=""spinmail-quill-editor__spin-break""><br></p><p class=""spinmail-quill-editor__spin-break"">¿Te gustaría saber más sobre cómo optimizar tus cobros internacionales?</p>","ARCHIVE"
"2-NWU3Zjc4NGItNDNkNS00Mjk0LWI0MmUtMzBiYWU4Mzg2YzQ5XzAxMA==","[FREE eBook] ➡ Tendencias Cloud Engineering 2024","Luciano Rodriguez Paz Seco","","David Alejandro Fuquen Flórez","https://www.linkedin.com/in/david-fuquen","2025-01-22 02:45:11 UTC","","<p class=""spinmail-quill-editor__spin-break"">Hola David Alejandro, Soy Luciano de Mikroways y somos expertos en Cloud Engineering y Transformación Digital . Vi que eres Systems and Computer Engineering Intern en Precia PPV S.A y pensé que podría interesarte unos de nuestros este eBooks. En el veras las ultimas tendencias en Cloud Engineering y las tecnologías que se utilizan en el mercado. Te interesa Descargarlo?</p><p class=""spinmail-quill-editor__spin-break""><br></p><p class=""spinmail-quill-editor__spin-break"">En <strong>Mikroways</strong> somos expertos en Cloud Implementations, y ayudamos a empresas a dar el siguiente paso en IT. Si quieres conocer mas, visita <a rel=""noopener"" href=""https://mikroways.net/?li_fat_id=5e0253b0-26b5-4f05-af40-caa1052d57b6"" target=""_blank"">mikroways.net</a>. </p><p class=""spinmail-quill-editor__spin-break"">Nos gustaría poder trabajar con ustedes en algún proyecto.</p><p class=""spinmail-quill-editor__spin-break"">Un cordial saludo.</p>","ARCHIVE"
"2-YTNmMjZkMGQtYmQ2My00ZmFiLTkyM2MtNjZmMzQyZTRkOTFhXzAxMA==","Sponsored Conversation","LinkedIn Member","","David Alejandro Fuquen Flórez","https://www.linkedin.com/in/david-fuquen","2025-01-05 23:48:24 UTC","","<p class=""spinmail-quill-editor__spin-break"">Hi there, %FIRSTNAME%!</p><p class=""spinmail-quill-editor__spin-break""><br></p><p class=""spinmail-quill-editor__spin-break"">We’ve recently seen an increase in job postings that might be a good fit. Would you like to try Premium for free to learn more about these opportunities?</p>","ARCHIVE"
"2-NGRhNzczNzEtMGJiMy00OWU1LWI0ODEtMmE0NWE1ZDA3NDgzXzAxMA==","Invierte en tu éxito profesional con el MBA de UNIR","Eva Asensio","","David Alejandro Fuquen Flórez","https://www.linkedin.com/in/david-fuquen","2025-01-02 20:25:39 UTC","","<p class=""spinmail-quill-editor__spin-break"">Hola David Alejandro</p><p class=""spinmail-quill-editor__spin-break""><br></p><p class=""spinmail-quill-editor__spin-break"">Soy Eva Asensio, Decana de la Facultad de Empresa y Comunicación de UNIR. &nbsp;</p><p class=""spinmail-quill-editor__spin-break""><br></p><p class=""spinmail-quill-editor__spin-break"">Al observar tu perfil como XXX, creo firmemente que encajas a la perfección en nuestra M<strong>aestría en Dirección y Administración de Empresas (MBA). </strong>&nbsp;</p><p class=""spinmail-quill-editor__spin-break""><br></p><p class=""spinmail-quill-editor__spin-break"">El MBA de UNIR te dará la oportunidad de adquirir una <strong>visión estratégica</strong> de todas las áreas de la empresa, al mismo tiempo que potencias tus <strong>habilidades de liderazgo</strong> y aprendes a aplicar <strong>tecnologías avanzadas</strong>, como la<strong> IA Generativa</strong>, clave para la toma de decisiones rápidas y eficientes.&nbsp;</p><p class=""spinmail-quill-editor__spin-break""><br></p><p class=""spinmail-quill-editor__spin-break"">Contáctanos para saber más. ¿Te animas? &nbsp;</p>","ARCHIVE"
"2-YWM2ZGFjNWYtZDA2NC00MzQyLWI3N2YtOTk4MzJlYzY0NGI5XzAxMA==","Transform Your Career with UNF's MA in Digital Media","Rupal Malhotra, RISIA","","David Alejandro Fuquen Flórez","https://www.linkedin.com/in/david-fuquen","2024-12-18 13:49:31 UTC","","<p class=""spinmail-quill-editor__spin-break"">Hi David Alejandro 👋,</p><p class=""spinmail-quill-editor__spin-break""><br></p><p class=""spinmail-quill-editor__spin-break"">I'm Rupal Malhotra, the Associate Director, Student Recruitment at the University of Niagara Falls Canada, and I wanted to personally reach out because our <a rel=""noopener"" href=""https://web.unfc.ca/master-of-arts-in-digital-media-and-global-communications-social-int/?utm_source=linkedin&utm_medium=paidsocial&utm_campaign=b%3Aunf-p%3Amasterofartsindigitalmediaandglobalcommunications-pg-ld-g%3Alatam-t%3Aprp-inmail-v1&li_fat_id=234fac8d-2eb9-44a1-bcd5-b99065b55610"" target=""_blank"">Master of Arts in Digital Media and Global Communications </a>could be the ideal program to elevate your career in this dynamic field.</p><p class=""spinmail-quill-editor__spin-break""><br></p><p class=""spinmail-quill-editor__spin-break"">This 18-month program includes a Capstone research project that provides real-world experience, preparing you for success in roles like digital marketing manager, where the median salary in Canada is $104,000. With flexible start dates in Fall (Oct), Winter (Jan), Spring (April), and Summer (July), it’s designed to fit your schedule and career goals.</p><p class=""spinmail-quill-editor__spin-break""><br></p><p class=""spinmail-quill-editor__spin-break"">Here’s why it’s easy to get started:</p><p class=""spinmail-quill-editor__spin-break""><br></p><p class=""spinmail-quill-editor__spin-break"">No application fee and no GRE required</p><p class=""spinmail-quill-editor__spin-break"">Industry-aligned curriculum and practical experience to help you stand out</p><p class=""spinmail-quill-editor__spin-break""><br></p><p class=""spinmail-quill-editor__spin-break"">I’d be thrilled to help you explore the possibilities at our university and answer any questions you might have. Let’s take the first step toward achieving your career ambitions!</p><p class=""spinmail-quill-editor__spin-break""><br></p><p class=""spinmail-quill-editor__spin-break"">Best regards,</p><p class=""spinmail-quill-editor__spin-break"">Rupal</p>","ARCHIVE"
"2-OGQ5YWI5ZTctMTQ4My00Y2NjLWE1MGItODA3ZWJiMzFjODQ2XzAxMA==","Canada Wants Skilled Immigrants – Take Advantage Now!","Eivy Joy Quito","","David Alejandro Fuquen Flórez","https://www.linkedin.com/in/david-fuquen","2024-12-02 17:42:42 UTC","","<p class=""spinmail-quill-editor__spin-break"">Hello David Alejandro,</p><p class=""spinmail-quill-editor__spin-break""><br></p><p class=""spinmail-quill-editor__spin-break"">I’m Eivy Joy Quito, founder of ImmigCanada, and I’m excited to share important updates with you.</p><p class=""spinmail-quill-editor__spin-break""><br></p><p class=""spinmail-quill-editor__spin-break"">While Canada has introduced caps on international students and restrictions on temporary workers, they’re still actively welcoming skilled immigrants. Recent Express Entry and PNP draws highlight this trend, and some provinces are even offering incentives to attract talent.</p><p class=""spinmail-quill-editor__spin-break""><br></p><p class=""spinmail-quill-editor__spin-break"">This is the perfect time to make your move to Canada. Your skills are in demand, and the pathway is open.</p><p class=""spinmail-quill-editor__spin-break""><br></p><p class=""spinmail-quill-editor__spin-break"">Let’s get started before the competition increases. Your future in Canada is waiting!</p><p class=""spinmail-quill-editor__spin-break""><br></p><p class=""spinmail-quill-editor__spin-break"">Warm regards,</p><p class=""spinmail-quill-editor__spin-break"">Eivy Joy Quito</p><p class=""spinmail-quill-editor__spin-break"">Founder, ImmigCanada</p>","ARCHIVE"
"2-MjUwMWNlYmYtYjc0OS00NGI1LWJlYjAtNzJlMmE2NGI4ZmVhXzAxMA==","Sponsored Conversation","LinkedIn Member","","David Alejandro Fuquen Flórez","https://www.linkedin.com/in/david-fuquen","2024-11-24 19:05:59 UTC","","<p class=""spinmail-quill-editor__spin-break"">Hi %FIRSTNAME%</p><p class=""spinmail-quill-editor__spin-break""><br></p><p class=""spinmail-quill-editor__spin-break"">Thanks for being a valued member - we’re so glad you’re here! We’d like to invite you to try LinkedIn Premium to help you achieve your goals faster.</p><p class=""spinmail-quill-editor__spin-break""><br></p><p class=""spinmail-quill-editor__spin-break"">How would you like Premium to help?</p>","ARCHIVE"
"2-YmUyMjEwOGMtY2VmNi00NTg4LWE2MzUtZWJjZTE3NWMxM2ZmXzAxMA==","Sponsored Conversation","LinkedIn Member","","David Alejandro Fuquen Flórez","https://www.linkedin.com/in/david-fuquen","2024-11-20 23:51:18 UTC","","<p style=""margin-bottom: 0px; margin-top: 0px"">¿Te gustaría ahorrar tiempo y dinero en tus kits de ELISA, y al mismo tiempo mejorar la sensibiliad de tus analisis, pero no tienes un equipo que te permita llevar tus inmunoensayos al siguiente nivel? En ese caso, Merck dispone para ti una plataforma Luminex 200 para uso sin costo por la compra de nuestros kits Milliplex.</p>","ARCHIVE"
"2-NzE4M2Q3ZWUtOWExMi00Y2NjLWJiOWQtZGRiNWFkZTgxYzIwXzAxMA==","Looking for Advanced Coders  – Earn an avg. of $32.5 USD/hr","Sam Torres","","David Alejandro Fuquen Flórez","https://www.linkedin.com/in/david-fuquen","2024-11-08 16:36:18 UTC","","<p class=""spinmail-quill-editor__spin-break"">Hi David Alejandro,</p><p class=""spinmail-quill-editor__spin-break""><br></p><p class=""spinmail-quill-editor__spin-break"">I'm looking for an excellent advanced coder to help my team at Outlier, where we train AI systems (no AI knowledge is required). Your profile stood out, and I wanted to invite you to apply.</p><p class=""spinmail-quill-editor__spin-break""><br></p><p class=""spinmail-quill-editor__spin-break"">Notable features:</p><p class=""spinmail-quill-editor__spin-break"">• Earn an average of $32.5 USD per hour</p><p class=""spinmail-quill-editor__spin-break"">• Make AI safer &amp; more accurate</p><p class=""spinmail-quill-editor__spin-break"">• Work from anywhere, whenever works best for you</p><p class=""spinmail-quill-editor__spin-break""><br></p><p class=""spinmail-quill-editor__spin-break"">Over 50% of advanced coders with your profile start work within 7 days.</p><p class=""spinmail-quill-editor__spin-break""><br></p><p class=""spinmail-quill-editor__spin-break"">I look forward to hearing from you!</p>","ARCHIVE"
"2-NGM4MDNjNmUtMTcwZS00MmRlLTljMGItYjIxNThmYWQ2ZTYwXzAxMA==","Canada Wants Skilled Immigrants – Take Advantage Now!","Eivy Joy Quito","","David Alejandro Fuquen Flórez","https://www.linkedin.com/in/david-fuquen","2024-11-01 08:35:28 UTC","","<p class=""spinmail-quill-editor__spin-break"">Hello David Alejandro,</p><p class=""spinmail-quill-editor__spin-break""><br></p><p class=""spinmail-quill-editor__spin-break"">I’m Eivy Joy Quito, founder of ImmigCanada, and I’m excited to share important updates with you.</p><p class=""spinmail-quill-editor__spin-break""><br></p><p class=""spinmail-quill-editor__spin-break"">While Canada has introduced caps on international students and restrictions on temporary workers, they’re still actively welcoming skilled immigrants. Recent Express Entry and PNP draws highlight this trend, and some provinces are even offering incentives to attract talent.</p><p class=""spinmail-quill-editor__spin-break""><br></p><p class=""spinmail-quill-editor__spin-break"">This is the perfect time to make your move to Canada. Your skills are in demand, and the pathway is open.</p><p class=""spinmail-quill-editor__spin-break""><br></p><p class=""spinmail-quill-editor__spin-break"">Let’s get started before the competition increases. Your future in Canada is waiting!</p><p class=""spinmail-quill-editor__spin-break""><br></p><p class=""spinmail-quill-editor__spin-break"">Warm regards,</p><p class=""spinmail-quill-editor__spin-break"">Eivy Joy Quito</p><p class=""spinmail-quill-editor__spin-break"">Founder, ImmigCanada</p>","ARCHIVE"
"2-MThiMjU0N2YtNjZmYS00NmE4LWIzNjMtYWQ0ZjI1MTlhNzBmXzAxMA==","Sponsored Conversation","LinkedIn Member","","David Alejandro Fuquen Flórez","https://www.linkedin.com/in/david-fuquen","2024-09-30 17:26:00 UTC","","<p class=""spinmail-quill-editor__spin-break"">Hola, %FIRSTNAME%:</p><p class=""spinmail-quill-editor__spin-break""><br></p><p class=""spinmail-quill-editor__spin-break"">En LinkedIn valoramos a los miembros como tú, por eso queremos ofrecerte un regalo especial: 30&nbsp;días de prueba gratis de LinkedIn Sales Navigator.</p><p class=""spinmail-quill-editor__spin-break""><br></p><p class=""spinmail-quill-editor__spin-break"">Sales Navigator ayuda a los comerciales y equipos de ventas a identificar a los compradores adecuados en el momento justo con datos en tiempo real y nuestra tecnología de Deep Sales.</p><p class=""spinmail-quill-editor__spin-break""><br></p><p class=""spinmail-quill-editor__spin-break"">¿Todo listo para empezar tu periodo de prueba gratis?</p>","ARCHIVE"
